section_id,error
S004148,"ServerError: 503 UNAVAILABLE. {'error': {'code': 503, 'message': 'This model is currently exp"
S006532,"ServerError: 503 UNAVAILABLE. {'error': {'code': 503, 'message': 'This model is currently exp"
S007385,"ServerError: 503 UNAVAILABLE. {'error': {'code': 503, 'message': 'This model is currently exp"
S007937,"ServerError: 503 UNAVAILABLE. {'error': {'code': 503, 'message': 'This model is currently exp"
S007943,"ServerError: 503 UNAVAILABLE. {'error': {'code': 503, 'message': 'This model is currently exp"
S008231,"ServerError: 503 UNAVAILABLE. {'error': {'code': 503, 'message': 'This model is currently exp"
S008228,"ServerError: 503 UNAVAILABLE. {'error': {'code': 503, 'message': 'This model is currently exp"
S008292,"ServerError: 503 UNAVAILABLE. {'error': {'code': 503, 'message': 'This model is currently exp"
S008496,"ServerError: 503 UNAVAILABLE. {'error': {'code': 503, 'message': 'This model is currently exp"
S008499,"ServerError: 503 UNAVAILABLE. {'error': {'code': 503, 'message': 'This model is currently exp"
S008577,"ServerError: 503 UNAVAILABLE. {'error': {'code': 503, 'message': 'This model is currently exp"
S008706,"ServerError: 503 UNAVAILABLE. {'error': {'code': 503, 'message': 'This model is currently exp"
S008796,"ServerError: 503 UNAVAILABLE. {'error': {'code': 503, 'message': 'This model is currently exp"
